{"cameraMode":{"drawMode":0,"name":"Shaded","section":"Shading Mode"},"sceneLighting":true,"audioPlay":false,"sceneViewState":{"m_AlwaysRefresh":false,"showFog":true,"showSkybox":true,"showFlares":true,"showImageEffects":true,"showParticleSystems":true,"showVisualEffectGraphs":true,"m_FxEnabled":true},"in2DMode":false,"pivot":{"x":2.113527774810791,"y":2.267929792404175,"z":-7.164068698883057},"rotation":{"x":0.2646683156490326,"y":-0.02129923179745674,"z":0.006074551492929459,"w":0.9641684293746948},"size":0.8660253882408142,"orthographic":false}