{"cameraMode":{"drawMode":0,"name":"Shaded","section":"Shading Mode"},"sceneLighting":true,"audioPlay":false,"sceneViewState":{"m_AlwaysRefresh":false,"showFog":true,"showSkybox":true,"showFlares":true,"showImageEffects":true,"showParticleSystems":true,"showVisualEffectGraphs":true,"m_FxEnabled":true},"in2DMode":false,"pivot":{"x":4.544314861297607,"y":5.8391571044921879,"z":6.946578502655029},"rotation":{"x":0.3798467516899109,"y":-0.029765702784061433,"z":0.011831054463982582,"w":0.9242807030677795},"size":0.8660253882408142,"orthographic":false}