{"cameraMode":{"drawMode":0,"name":"Shaded","section":"Shading Mode"},"sceneLighting":true,"audioPlay":false,"sceneViewState":{"m_AlwaysRefresh":false,"showFog":true,"showSkybox":true,"showFlares":true,"showImageEffects":true,"showParticleSystems":true,"showVisualEffectGraphs":true,"m_FxEnabled":true},"in2DMode":false,"pivot":{"x":4.0974650382995609,"y":0.20258665084838868,"z":29.02590560913086},"rotation":{"x":0.036165326833724979,"y":0.18225215375423432,"z":-0.007309549953788519,"w":0.9822768568992615},"size":7.912145137786865,"orthographic":false}