{"cameraMode":{"drawMode":0,"name":"Shaded","section":"Shading Mode"},"sceneLighting":true,"audioPlay":false,"sceneViewState":{"m_AlwaysRefresh":false,"showFog":true,"showSkybox":true,"showFlares":true,"showImageEffects":true,"showParticleSystems":true,"showVisualEffectGraphs":true,"m_FxEnabled":true},"in2DMode":false,"pivot":{"x":-1.8519084453582764,"y":0.4379607141017914,"z":-4.17899751663208},"rotation":{"x":-0.1414235383272171,"y":-0.017289234325289727,"z":0.0023617639672011139,"w":-0.9898554682731628},"size":0.21889013051986695,"orthographic":false}