{"cameraMode":{"drawMode":0,"name":"Shaded","section":"Shading Mode"},"sceneLighting":true,"audioPlay":false,"sceneViewState":{"m_AlwaysRefresh":false,"showFog":true,"showSkybox":true,"showFlares":true,"showImageEffects":true,"showParticleSystems":true,"showVisualEffectGraphs":true,"m_FxEnabled":true},"in2DMode":false,"pivot":{"x":1.408076286315918,"y":1.5999997854232789,"z":-3.0681934356689455},"rotation":{"x":0.17347362637519837,"y":-0.12576895952224732,"z":0.022356918081641198,"w":0.9765370488166809},"size":2.481217384338379,"orthographic":false}