{"cameraMode":{"drawMode":0,"name":"Shaded","section":"Shading Mode"},"sceneLighting":true,"audioPlay":false,"sceneViewState":{"m_AlwaysRefresh":false,"showFog":true,"showSkybox":true,"showFlares":true,"showImageEffects":true,"showParticleSystems":true,"showVisualEffectGraphs":true,"m_FxEnabled":true},"in2DMode":false,"pivot":{"x":3.5796101093292238,"y":2.023404359817505,"z":14.473954200744629},"rotation":{"x":-0.17508770525455476,"y":-0.11078818887472153,"z":0.01458048541098833,"w":-0.9776168465614319},"size":0.8660253882408142,"orthographic":false}