{"cameraMode":{"drawMode":0,"name":"Shaded","section":"Shading Mode"},"sceneLighting":true,"audioPlay":false,"sceneViewState":{"m_AlwaysRefresh":false,"showFog":true,"showSkybox":true,"showFlares":true,"showImageEffects":true,"showParticleSystems":true,"showVisualEffectGraphs":true,"m_FxEnabled":true},"in2DMode":false,"pivot":{"x":2.878404378890991,"y":1.0496011972427369,"z":-3.6198298931121828},"rotation":{"x":-0.0577225536108017,"y":0.07474564015865326,"z":-0.004313386045396328,"w":-0.9956210851669312},"size":0.8660253882408142,"orthographic":false}