{"cameraMode":{"drawMode":0,"name":"Shaded","section":"Shading Mode"},"sceneLighting":true,"audioPlay":false,"sceneViewState":{"m_AlwaysRefresh":false,"showFog":true,"showSkybox":true,"showFlares":true,"showImageEffects":true,"showParticleSystems":true,"showVisualEffectGraphs":true,"m_FxEnabled":true},"in2DMode":false,"pivot":{"x":4.335508823394775,"y":0.6868060827255249,"z":1.8673114776611329},"rotation":{"x":0.2675917148590088,"y":-0.17252038419246674,"z":0.053560610860586169,"w":0.9458428025245667},"size":2.2270400524139406,"orthographic":false}